<?xml version="1.0" encoding="UTF-8"?>
<project-private xmlns="http://www.netbeans.org/ns/project-private/1">
    <editor-bookmarks xmlns="http://www.netbeans.org/ns/editor-bookmarks/2" lastBookmarkId="0"/>
    <open-files xmlns="http://www.netbeans.org/ns/projectui-open-files/2">
        <group>
            <file>file:/C:/Users/brzad/OneDrive/Documentos/Projects%20BACKUP/JavaCRUD/src/br/com/produto/main/CrudAdicionar.java</file>
            <file>file:/C:/Users/brzad/OneDrive/Documentos/Projects%20BACKUP/JavaCRUD/src/br/com/produto/main/CrudEditar.java</file>
            <file>file:/C:/Users/brzad/OneDrive/Documentos/Projects%20BACKUP/JavaCRUD/src/br/com/produto/dao/ProdutoDAO.java</file>
            <file>file:/C:/Users/brzad/OneDrive/Documentos/Projects%20BACKUP/JavaCRUD/src/br/com/produto/factory/ConnectionFactory.java</file>
            <file>file:/C:/Users/brzad/OneDrive/Documentos/Projects%20BACKUP/JavaCRUD/src/br/com/produto/main/CrudUI.java</file>
        </group>
    </open-files>
</project-private>
